recruit_id,height_in,SC,SH,ID,OD,PS,BH,RB,ST,AG,ND,IQ,FT,CH,recruit_rt_PG,recruit_rt_SG,recruit_rt_SF,recruit_rt_PF,recruit_rt_C,player_rt_PG,player_rt_SG,player_rt_SF,player_rt_PF,player_rt_C,delta_PG,delta_SG,delta_SF,delta_PF,delta_C,recruit_argmax_position,recruit_top1_rt,player_argmax_position,player_top1_rt
0057e470-7393-452c-88b9-7f2a8337d0df,71,4,40,28,27,25,23,19,72,68,41,29,16,67,30,33,47,34,23,30,33,47,32,18,0,0,0,-2,-5,SF,47,SF,47
0541fd5b-11c9-41ff-afa1-aadd03e943d1,71,5,5,21,39,30,8,17,70,33,59,35,31,34,25,20,36,33,21,25,20,36,30,17,0,0,0,-3,-4,SF,36,SF,36
0667a60e-cb5a-4c72-9b88-baaed7d4cc9b,74,12,23,38,36,14,17,57,30,18,19,33,22,12,23,25,26,38,28,23,25,26,37,21,0,0,0,-1,-7,PF,38,PF,37
06e56c4d-c323-4107-9fb7-884eecd13520,77,30,52,57,32,38,57,22,39,35,15,35,33,37,42,41,39,39,40,42,41,39,40,42,0,0,0,1,2,PG,42,PG,42
06fcc0e9-5ae0-497a-adfd-d8634e57fafc,72,3,39,2,18,40,31,29,18,15,21,31,29,8,30,27,17,20,9,30,27,17,21,8,0,0,0,1,-1,PG,30,PG,30
08bab1e4-69d2-4f1b-84ec-73c0fde0e6bf,67,28,24,15,29,36,26,22,12,37,4,4,24,60,23,27,23,17,20,23,27,23,16,12,0,0,0,-1,-8,SG,27,SG,27
08e197fd-03c3-4d07-bc0d-1becba8b2ebb,72,12,39,18,12,2,36,23,45,5,15,29,21,43,23,23,23,29,19,23,23,23,28,15,0,0,0,-1,-4,PF,29,PF,28
090ceed2-04d7-442b-8d05-6a5a62082b6f,75,6,3,36,30,37,23,19,22,24,79,43,1,15,29,16,21,23,19,29,16,21,22,12,0,0,0,-1,-7,PG,29,PG,29
095544c3-6aa5-4e75-84a5-29a8b3d875f4,68,28,25,35,19,36,17,31,7,21,14,21,3,2,21,23,19,21,28,21,23,19,20,15,0,0,0,-1,-13,C,28,SG,23
0996e47f-8bd6-4f11-8619-55bbacca4946,66,37,20,7,29,6,1,4,36,18,20,38,40,59,18,25,27,21,21,18,25,27,18,13,0,0,0,-3,-8,SF,27,SF,27
0a5df38d-10ea-42e0-bf4a-0ff40aca8b78,66,21,29,15,30,26,3,27,31,38,33,5,3,72,14,27,27,24,21,14,27,27,21,14,0,0,0,-3,-7,SG,27,SG,27
0ae40dde-49f1-4b24-b851-8999071a0be6,74,40,42,34,28,16,34,6,41,3,2,29,2,96,25,30,27,25,29,25,30,27,25,18,0,0,0,0,-11,SG,30,SG,30
0c05b040-1454-4f64-801b-a02f84e7a835,70,28,29,36,23,29,7,10,21,63,5,12,31,5,21,30,35,20,27,21,30,35,19,14,0,0,0,-1,-13,SF,35,SF,35
0c1ef24d-32ef-4222-8c35-96e28fa97236,69,40,21,28,41,41,66,25,10,25,28,34,38,79,44,31,25,22,29,44,31,25,21,15,0,0,0,-1,-14,PG,44,PG,44
0e4b4420-4268-4590-8971-cc1ded3c843f,70,49,36,37,33,14,30,25,2,25,5,20,40,27,26,34,25,20,34,26,34,25,21,17,0,0,0,1,-17,SG,34,SG,34
0f4c2b4f-39ec-4a03-bb98-d44f9e8490d3,68,22,30,32,47,29,19,16,16,63,17,38,20,9,33,37,36,20,24,33,37,36,19,13,0,0,0,-1,-11,SG,37,SG,37
0f8b54c7-1839-4821-8c90-277e9a2e3b76,74,29,11,38,38,24,4,24,29,23,16,35,20,57,21,23,27,28,28,21,23,27,27,18,0,0,0,-1,-10,PF,28,SF,27
11a0294e-7070-4ff9-ba33-b71dee8f396f,75,77,40,4,41,27,2,23,24,33,39,39,27,37,25,42,34,24,31,25,42,34,25,19,0,0,0,1,-12,SG,42,SG,42
11dd16f1-0109-4ede-9f50-5c88409f4220,69,58,46,14,26,35,32,12,14,48,32,16,14,88,29,39,31,16,29,29,39,31,16,15,0,0,0,0,-14,SG,39,SG,39
1267621e-0a18-443e-9f3d-6defc483da24,72,6,2,2,16,13,18,4,10,13,14,2,8,54,11,8,9,8,4,11,8,9,7,3,0,0,0,-1,-1,PG,11,PG,11
134d72b7-00a7-4b96-b4d8-8ba0bbb281f9,70,14,42,33,46,29,37,42,32,53,58,43,30,16,40,40,38,35,28,40,40,38,32,18,0,0,0,-3,-10,PG,40,PG,40
1379d006-d848-4a95-9541-a9425135132a,71,20,38,4,14,6,22,8,9,5,69,64,19,78,28,26,15,11,10,28,26,15,12,6,0,0,0,1,-4,PG,28,PG,28
14f0b1cb-5ff0-43c6-bc29-5e1ff4d2557c,73,16,9,26,40,25,15,38,18,40,12,14,11,43,21,22,25,25,21,21,22,25,25,15,0,0,0,0,-6,SF,25,SF,25
15630bf1-debe-4b9d-a75c-0b75713d3d21,71,34,9,3,29,24,3,2,27,21,11,36,3,90,19,20,21,13,15,19,20,21,12,10,0,0,0,-1,-5,SF,21,SF,21
164e400b-101b-42f0-84b1-f6914cce8ea8,73,36,26,51,15,33,2,25,46,4,39,6,16,59,11,21,26,34,37,11,21,26,33,24,0,0,0,-1,-13,C,37,PF,33
16a8567b-0c70-4fcb-8c27-0d48dc8b1d43,78,59,16,47,17,9,34,39,75,37,36,24,17,95,25,23,44,54,56,25,23,44,51,63,0,0,0,-3,7,C,56,C,63
18879347-fce0-4a17-a5a5-80460eec1ea0,68,38,14,19,10,1,22,8,25,28,33,12,40,58,16,17,24,19,25,16,17,24,17,14,0,0,0,-2,-11,C,25,SF,24
1c72618c-1b57-4d2d-87ff-66348b99cf66,74,11,17,1,28,37,3,24,26,27,19,2,6,1,14,20,19,19,11,14,20,19,18,9,0,0,0,-1,-2,SG,20,SG,20
1cfcf8c8-e0f1-4961-84b2-643134792628,69,26,48,33,36,33,29,32,35,25,2,4,32,98,25,37,31,32,31,25,37,31,29,19,0,0,0,-3,-12,SG,37,SG,37
1d493d0c-f2e5-4beb-bc70-8cda6efaa8e2,68,5,37,24,6,23,34,18,37,12,31,28,36,91,26,22,23,26,18,26,22,23,24,13,0,0,0,-2,-5,PG,26,PG,26
1dcb2e02-da9e-4c21-857d-fa38f668d627,71,19,3,15,7,8,6,4,7,2,2,4,3,37,5,6,7,7,12,5,6,7,7,7,0,0,0,0,-5,C,12,SF,7
1ee346d6-baea-4136-902f-a079beea3bbd,68,30,70,9,6,32,33,36,26,44,40,28,35,88,32,42,32,28,23,32,42,32,27,15,0,0,0,-1,-8,SG,42,SG,42
20dca201-40e1-429d-bae5-2bab4e114f28,66,40,19,73,50,28,28,5,23,21,3,28,27,46,29,30,32,26,44,29,30,32,24,21,0,0,0,-2,-23,C,44,SF,32
225ef399-7465-47ce-99bb-464adccf1ff5,69,18,49,54,39,14,13,26,24,14,37,11,24,94,18,35,27,28,33,18,35,27,27,18,0,0,0,-1,-15,SG,35,SG,35
22fd2922-a9ae-441f-8c92-3e068d2feb8e,70,11,10,6,4,16,6,15,15,5,4,18,4,41,10,8,9,13,10,10,8,9,11,7,0,0,0,-2,-3,PF,13,PF,11
2458efc1-5572-4fd2-8c35-7720c5189ed6,66,33,32,34,56,22,44,7,27,19,30,16,35,53,31,36,30,21,29,31,36,30,20,15,0,0,0,-1,-14,SG,36,SG,36
2478deea-0690-425c-986c-b6684d1ddd99,69,19,67,52,29,27,36,4,7,10,11,34,32,15,32,42,24,16,26,32,42,24,18,12,0,0,0,2,-14,SG,42,SG,42
25bea462-9ab1-49dc-9464-a4c1c65f9bfe,72,23,16,34,12,31,30,18,55,20,36,21,28,56,24,18,30,33,28,24,18,30,31,19,0,0,0,-2,-9,PF,33,PF,31
25f93519-aa49-43d0-8529-9423f8078e88,69,16,37,9,36,30,26,13,5,6,10,4,2,49,19,28,13,9,11,19,28,13,9,6,0,0,0,0,-5,SG,28,SG,28
276c7855-5198-4bca-b4d5-8df4e0a0b868,76,33,29,33,31,22,10,25,23,28,8,23,1,97,19,28,27,30,30,19,28,27,30,27,0,0,0,0,-3,PF,30,PF,30
2a1482a7-1e65-484e-a5af-ca61f6242eb6,66,18,9,4,7,9,3,19,3,17,3,7,6,56,7,10,9,10,11,7,10,9,9,7,0,0,0,-1,-4,C,11,SG,10
2acfa3f4-1beb-4693-89f3-89b4a51da919,66,5,72,3,38,20,23,20,35,6,31,40,42,99,30,44,26,24,11,30,44,26,23,9,0,0,0,-1,-2,SG,44,SG,44
2b6add22-08a6-42f3-a109-45d287e8898a,67,23,10,37,25,32,30,8,39,15,23,4,6,22,20,16,24,24,28,20,16,24,20,16,0,0,0,-4,-12,C,28,SF,24
2b6bf9ed-3baf-4d93-b5e5-68398ef3a54e,68,27,6,28,38,36,17,16,16,23,18,31,4,39,25,20,21,18,24,25,20,21,16,13,0,0,0,-2,-11,PG,25,PG,25
2cc4da11-8fd2-4729-b4ee-ecb3e9a88d74,67,3,48,9,6,31,5,4,32,29,9,32,28,38,21,28,25,17,10,21,28,25,16,7,0,0,0,-1,-3,SG,28,SG,28
2e944a47-9354-4387-bdce-68ad3c43bcf5,69,3,9,29,12,29,10,10,33,17,25,6,33,10,14,12,20,22,18,14,12,20,18,11,0,0,0,-4,-7,PF,22,SF,20
306947bb-79a2-44c9-9e56-9581c78f105f,68,18,36,1,1,24,19,14,20,4,10,9,5,76,14,19,12,14,12,14,19,12,13,8,0,0,0,-1,-4,SG,19,SG,19
31303b5e-3ad2-4151-afc8-ec21bd69014d,74,18,29,22,37,2,6,31,11,27,77,47,11,70,22,28,23,22,18,22,28,23,23,12,0,0,0,1,-6,SG,28,SG,28
3143a4b9-fc79-4552-8596-0e1ccbc10e1a,77,13,57,30,28,17,33,16,62,26,22,13,39,91,26,37,37,39,30,26,37,37,38,38,0,0,0,-1,8,PF,39,PF,38
326dd8ae-2205-4fee-b016-089d1c7a386f,74,16,11,25,17,26,13,9,72,11,36,40,5,50,21,15,30,34,24,21,15,30,31,18,0,0,0,-3,-6,PF,34,PF,31
335225ff-0bfb-4792-b6da-19c9b778c13e,74,18,4,51,40,28,30,38,42,45,15,11,33,52,26,22,35,37,33,26,22,35,35,22,0,0,0,-2,-11,PF,37,SF,35
336b4ae0-5841-41bb-b5c9-dfdf344ee6ed,70,13,18,19,14,5,11,6,13,15,19,18,5,83,13,15,15,11,14,13,15,15,11,8,0,0,0,0,-6,SG,15,SG,15
34f21e9f-069b-438b-b64f-c099812c71af,72,32,26,49,3,28,17,32,29,34,21,10,14,16,18,20,28,31,33,18,20,28,31,21,0,0,0,0,-12,C,33,PF,31
35b088db-9198-42f9-bc4d-c99afa54d125,71,5,5,20,4,5,2,20,9,9,12,1,5,9,3,5,8,12,12,3,5,8,12,8,0,0,0,0,-4,PF,12,PF,12
36961232-5b74-4507-a9eb-d289320d2b00,71,2,24,35,10,14,26,29,57,33,18,28,39,62,24,20,33,34,24,24,20,33,33,18,0,0,0,-1,-6,PF,34,SF,33
36bdc7d1-bbd0-42b2-983f-d93a830065f0,69,16,23,27,20,30,24,20,48,12,24,34,26,28,26,22,27,32,25,26,22,27,27,17,0,0,0,-5,-8,PF,32,SF,27
382dff98-8640-45ab-a58c-ea0f757926ba,70,13,14,12,15,12,10,16,9,6,1,10,8,64,10,13,10,12,12,10,13,10,11,8,0,0,0,-1,-4,SG,13,SG,13
38585a50-f603-43c7-98d6-d87ebda952ee,71,20,22,24,13,25,21,14,14,23,10,15,18,17,19,19,19,15,17,19,19,19,15,11,0,0,0,0,-6,PG,19,PG,19
39208c0f-4c52-43c7-b3ab-347b908020b1,71,13,33,39,17,25,16,19,17,40,10,18,24,93,22,26,27,19,21,22,26,27,20,13,0,0,0,1,-8,SF,27,SF,27
394dce1d-5442-4272-b750-de5add182bad,76,26,55,34,20,26,59,47,41,26,11,20,40,29,36,36,33,43,34,36,36,33,44,32,0,0,0,1,-2,PF,43,PF,44
3b52be7c-bc9a-4ca4-a5ed-0f6b87b2a394,71,29,48,30,52,39,40,29,3,24,14,17,9,98,33,41,24,17,22,33,41,24,19,14,0,0,0,2,-8,SG,41,SG,41
3c3b880f-8b52-443c-b93b-4f7954931eab,69,64,1,20,3,18,34,13,7,24,8,26,22,58,23,13,19,16,32,23,13,19,14,16,0,0,0,-2,-16,C,32,PG,23
3ce5afa8-d6e4-4e58-a0f5-ac384fc9c3d8,72,15,20,36,9,4,39,33,31,27,35,14,28,70,22,17,25,30,25,22,17,25,29,17,0,0,0,-1,-8,PF,30,PF,29
3d8cabce-03ff-4f4d-a023-4b3bca3efb44,73,26,40,33,38,38,28,3,30,23,20,32,20,89,31,35,30,21,23,31,35,30,22,14,0,0,0,1,-9,SG,35,SG,35
3dfa3deb-7d71-4a3e-aedd-24253b31a859,69,8,9,12,8,19,6,15,12,12,2,6,13,46,9,10,11,13,11,9,10,11,11,7,0,0,0,-2,-4,PF,13,SF,11
3e1f844a-ae5f-40b5-a3fa-5ebe46014630,75,36,33,15,27,18,27,45,41,18,7,9,12,3,20,27,27,33,28,20,27,27,33,21,0,0,0,0,-7,PF,33,PF,33
3fed1e69-e995-4afb-872b-be4fe41a24a3,71,26,5,27,29,20,28,29,40,26,35,39,9,78,27,18,28,28,26,27,18,28,27,18,0,0,0,-1,-8,SF,28,SF,28
40dc6ea7-11fc-43bf-ad86-4fb290b31a20,74,36,32,28,18,33,10,32,35,13,16,34,28,85,23,27,26,32,29,23,27,26,32,20,0,0,0,0,-9,PF,32,PF,32
41493dcb-62e2-4c17-96f9-12ddd6926721,70,30,30,10,17,1,34,24,79,47,35,23,30,57,26,27,43,42,29,26,27,43,34,21,0,0,0,-8,-8,SF,43,SF,43
41c339a3-06b5-46ef-a5ca-8a93afd58771,68,8,15,29,49,5,11,18,40,58,24,12,15,38,19,26,36,26,22,19,26,36,22,14,0,0,0,-4,-8,SF,36,SF,36
4281dc23-246b-4a4d-8995-22948f3f2d74,68,14,19,9,20,5,3,9,9,8,19,6,15,3,8,16,12,9,11,8,16,12,9,6,0,0,0,0,-5,SG,16,SG,16
42fe2984-a157-46fa-886d-1d853ad1b6ee,77,30,22,73,47,34,72,79,63,36,53,48,32,6,50,33,46,67,57,50,33,46,64,57,0,0,0,-3,0,PF,67,PF,64
43a87da6-80b6-4aa9-a9b9-9cfe8c1b575a,67,4,49,3,40,12,10,19,3,31,38,33,24,51,24,37,21,11,6,24,37,21,12,4,0,0,0,1,-2,SG,37,SG,37
43b0e433-cf99-44cd-a324-f874798fe486,66,6,78,33,31,33,24,7,3,40,9,35,3,86,32,47,27,11,15,32,47,27,14,7,0,0,0,3,-8,SG,47,SG,47
443f7a9c-20ba-4e9d-aba9-75e7574647e4,69,19,9,1,1,5,16,5,3,12,20,8,18,20,10,9,8,5,8,10,9,8,5,4,0,0,0,0,-4,PG,10,PG,10
4598c249-0359-4d83-8bb4-ec63d8f10063,72,38,22,10,18,21,13,39,26,3,18,21,7,27,16,20,17,27,24,16,20,17,27,17,0,0,0,0,-7,PF,27,PF,27
460d6667-9c3d-4b0a-9bcb-7fc30a6b7363,71,19,20,21,18,20,33,33,26,26,10,26,13,41,25,20,23,24,21,25,20,23,23,15,0,0,0,-1,-6,PG,25,PG,25
467697a8-230a-4e3c-b112-6d577b50e02d,70,33,2,28,54,4,14,21,16,57,11,20,27,100,22,26,32,21,27,22,26,32,19,15,0,0,0,-2,-12,SF,32,SF,32
46c7bbaa-6112-4279-a6bc-0424274caea5,76,18,44,40,46,19,23,33,18,55,27,57,32,50,38,42,38,34,28,38,42,38,35,26,0,0,0,1,-2,SG,42,SG,42
474e860c-ea56-4cd0-8c8f-1392d78b899c,73,40,27,19,18,29,5,8,29,21,19,34,15,41,20,25,25,21,23,20,25,25,21,14,0,0,0,0,-9,SG,25,SG,25
47dbad11-b916-4b2c-8dfb-1a403f1a2ac3,71,30,13,35,31,35,19,39,9,14,39,15,19,86,21,21,18,23,27,21,21,18,23,17,0,0,0,0,-10,C,27,PF,23
47e45ef9-5949-41b4-8c09-941983f01bca,68,14,10,12,13,12,20,7,9,10,9,16,20,75,16,12,11,10,11,16,12,11,9,6,0,0,0,-1,-5,PG,16,PG,16
489ede3f-812b-4a5a-a2b9-0f54e4f4074d,72,8,21,17,28,11,22,9,40,31,34,20,15,91,21,22,27,22,15,21,22,27,21,11,0,0,0,-1,-4,SF,27,SF,27
4918bf20-900e-4429-b781-5474b857b930,67,14,30,75,39,3,18,22,54,10,40,32,28,55,22,27,35,42,43,22,27,35,37,25,0,0,0,-5,-18,C,43,PF,37
4942ce88-1f04-4208-855f-8cda93843799,69,24,11,30,33,2,21,40,20,38,10,29,4,37,22,21,26,28,28,22,21,26,25,17,0,0,0,-3,-11,PF,28,SF,26
4a05d9a5-ffa6-4651-bc2e-6537757ba126,68,15,14,10,4,10,2,16,9,6,18,7,5,87,6,10,9,12,12,6,10,9,11,8,0,0,0,-1,-4,PF,12,PF,11
4a1744d9-a9bc-4da8-b387-1d7092d8a3fb,68,3,5,13,4,14,18,7,1,5,18,20,4,11,14,6,5,6,7,14,6,5,6,4,0,0,0,0,-3,PG,14,PG,14
4a641126-5718-47fe-a321-207696381eb9,74,22,41,40,34,30,26,45,43,10,43,26,11,95,26,31,29,38,32,26,31,29,38,22,0,0,0,0,-10,PF,38,PF,38
4af6c96c-ca28-469f-aa83-cd26610fe233,73,19,19,6,11,17,13,14,20,18,13,16,8,3,15,16,16,16,13,15,16,16,16,9,0,0,0,0,-4,SG,16,SG,16
4b2cefe1-ec02-44ce-b2fc-6e233e0b2c37,68,30,50,12,12,11,26,25,28,11,40,48,81,44,30,34,27,28,23,30,34,27,27,14,0,0,0,-1,-9,SG,34,SG,34
4b410f09-1373-4e46-82bc-d0bf492011a1,67,5,44,10,46,16,20,17,33,39,37,31,25,14,28,37,31,22,13,28,37,31,20,10,0,0,0,-2,-3,SG,37,SG,37
4d548c56-dcc9-4861-a3e8-96d0a7f45ae1,75,24,27,45,53,2,37,38,12,17,37,34,1,43,28,30,24,27,28,28,30,24,28,18,0,0,0,1,-10,SG,30,SG,30
4d6e1317-fb7d-42e7-913a-f10ce0069915,70,30,26,6,23,39,23,15,35,1,40,11,30,17,21,23,20,22,20,21,23,20,19,13,0,0,0,-3,-7,SG,23,SG,23
4e101b36-2e1e-4fd6-8464-6b4a29329726,73,11,25,3,6,38,14,21,34,4,20,3,27,80,14,16,16,22,12,14,16,16,21,10,0,0,0,-1,-2,PF,22,PF,21
4e42827b-8aa2-4303-ba82-c7ecf24a0f47,74,13,46,51,83,17,24,46,62,42,46,29,37,1,34,49,49,46,35,34,49,49,46,26,0,0,0,0,-9,SG,49,SG,49
4ec4addd-7424-40a1-a08b-d9ba895b8b1b,72,2,33,32,79,32,24,36,28,74,2,39,28,31,40,46,43,30,20,40,46,43,30,15,0,0,0,0,-5,SG,46,SG,46
52b089ef-c03b-439b-ad7f-e7028175b340,75,43,29,75,34,10,32,19,32,4,26,22,17,38,23,27,29,33,43,23,27,29,33,25,0,0,0,0,-18,C,43,PF,33
52d6f268-a264-4238-a99c-651b119ced00,75,38,78,10,39,17,30,34,9,30,9,29,24,97,31,51,29,21,21,31,51,29,25,14,0,0,0,4,-7,SG,51,SG,51
52e6b044-81a8-4545-b4db-c43d4be8fef0,68,17,61,15,5,28,24,24,7,13,1,26,41,43,25,33,18,17,16,25,33,18,18,9,0,0,0,1,-7,SG,33,SG,33
53d622b8-e9c4-41a4-a99d-51f7f337289e,71,19,26,56,56,32,34,27,59,66,10,19,18,29,34,36,49,37,35,34,36,49,35,24,0,0,0,-2,-11,SF,49,SF,49
547e5f7a-8b26-436a-ad25-9d6dc38958f8,72,7,12,39,23,5,2,27,32,38,4,30,8,59,16,17,27,28,23,16,17,27,27,16,0,0,0,-1,-7,PF,28,SF,27
54f4d0f4-37c8-4a8a-af1a-244e6a161e53,73,20,16,17,11,19,2,7,2,6,20,4,2,72,7,13,9,9,12,7,13,9,10,7,0,0,0,1,-5,SG,13,SG,13
55cad3dd-cab0-4357-9911-5f056b015af0,72,21,28,16,33,32,25,21,28,18,40,9,37,18,23,27,24,23,18,23,27,24,23,13,0,0,0,0,-5,SG,27,SG,27
567db0ea-9aa1-46ec-b3d3-e4404169028b,72,31,42,9,27,22,28,40,27,29,17,4,34,92,22,33,27,27,22,22,33,27,28,16,0,0,0,1,-6,SG,33,SG,33
57e029c3-7ff5-4155-9aa2-735300a4fd6d,71,5,4,18,7,16,8,12,17,20,6,7,10,96,10,7,14,12,11,10,7,14,12,8,0,0,0,0,-3,SF,14,SF,14
587779d2-7106-42f1-a584-4bda28863e44,69,22,9,7,17,27,23,39,36,3,4,30,3,40,21,13,17,30,21,21,13,17,25,16,0,0,0,-5,-5,PF,30,PF,25
5a41c37f-2291-41e2-8c6e-93b988a27e60,69,10,26,7,37,4,30,10,36,24,21,18,26,50,23,25,25,20,13,23,25,25,17,9,0,0,0,-3,-4,SG,25,SG,25
5b8405ff-c433-43a7-9f19-e5d82f919f20,77,7,27,78,11,32,14,20,69,36,3,20,19,33,21,21,41,48,44,21,21,41,46,46,0,0,0,-2,2,PF,48,PF,46
5bb96021-c572-4901-a821-06fc57f3a38f,69,19,67,27,53,18,38,17,16,15,22,38,11,72,34,47,27,19,21,34,47,27,20,12,0,0,0,1,-9,SG,47,SG,47
5bef1375-4b3a-4ad4-a220-b109660b19fa,68,4,5,14,20,4,28,2,4,24,1,3,35,43,16,12,13,6,7,16,12,13,6,4,0,0,0,0,-3,PG,16,PG,16
5c242a70-14b0-49cb-836f-b893a4d25983,70,51,26,23,44,33,11,35,3,56,34,6,17,35,22,35,30,20,32,22,35,30,20,17,0,0,0,0,-15,SG,35,SG,35
5da7f6b1-fdf0-48c9-9fe5-ef7c97b21311,73,47,60,33,7,27,29,36,28,43,6,4,28,45,23,38,34,31,34,23,38,34,32,22,0,0,0,1,-12,SG,38,SG,38
5f19988e-1aeb-4053-a744-3854cab2b39c,69,28,9,22,48,70,66,21,9,39,2,32,12,31,48,28,25,17,22,48,28,25,16,12,0,0,0,-1,-10,PG,48,PG,48
5f592bbc-2fbc-4472-b8da-2e12f96f1a83,70,17,15,18,11,12,16,18,19,16,17,18,12,19,15,14,16,18,18,15,14,16,16,11,0,0,0,-2,-7,PF,18,SF,16
60288ab4-4adc-4851-897e-0b1f4b23dab3,74,6,41,26,51,12,16,34,5,32,27,26,14,100,24,36,24,20,15,24,36,24,22,11,0,0,0,2,-4,SG,36,SG,36
61209aef-29d7-4990-9791-d427baca424e,71,24,41,22,17,19,16,39,9,32,38,36,7,6,24,29,23,21,21,24,29,23,23,14,0,0,0,2,-7,SG,29,SG,29
6133fdd6-7c8c-4656-9045-e4149bc78e81,76,44,39,77,35,28,29,47,50,33,12,33,23,56,31,36,43,53,53,31,36,43,53,43,0,0,0,0,-10,PF,53,PF,53
61461c69-efe8-44bb-8087-8bafc6edadf6,75,59,71,69,73,31,23,67,69,78,45,61,46,21,48,67,69,62,59,48,67,69,62,40,0,0,0,0,-19,SF,69,SF,69
61610075-f359-4d34-8c15-4f939fa503e1,75,18,31,41,20,14,21,13,52,22,26,33,28,25,24,25,33,32,27,24,25,33,31,19,0,0,0,-1,-8,SF,33,SF,33
6186d422-bdf4-42fe-97ef-0639097babcf,75,60,37,51,8,25,25,23,20,36,18,39,33,60,29,31,33,30,40,29,31,33,30,23,0,0,0,0,-17,C,40,SF,33
61f495cb-c6fb-4d50-9450-f332382be6b6,68,27,31,19,42,30,26,36,19,44,16,23,35,92,30,34,31,26,24,30,34,31,24,15,0,0,0,-2,-9,SG,34,SG,34
6249ef5a-7f12-4c52-be44-fc46851263c0,69,50,33,10,12,9,28,3,23,24,20,17,24,40,20,26,24,15,25,20,26,24,14,13,0,0,0,-1,-12,SG,26,SG,26
62f34319-4b9a-4757-8429-7eb16a484c32,66,12,23,14,30,38,52,29,25,17,53,17,22,25,32,23,20,24,17,32,23,20,21,12,0,0,0,-3,-5,PG,32,PG,32
636ba47f-a15d-4e0e-816b-6d3b074045ab,74,15,75,14,15,33,23,37,18,28,40,9,19,32,23,41,25,23,17,23,41,25,26,13,0,0,0,3,-4,SG,41,SG,41
63e953a4-924b-4a65-aaa7-4bfbe7e7b97d,69,23,36,1,41,33,9,28,6,31,34,18,7,14,22,33,21,14,14,22,33,21,14,9,0,0,0,0,-5,SG,33,SG,33
644f473a-520a-45c6-a949-2510e02603ba,66,36,30,2,13,37,23,34,14,31,23,48,29,44,32,28,23,23,20,32,28,23,21,13,0,0,0,-2,-7,PG,32,PG,32
647f472f-2bb1-4f20-986d-36f75c1df8cd,78,27,14,55,50,25,10,18,36,58,32,27,41,50,27,31,41,37,40,27,31,41,36,50,0,0,0,-1,10,SF,41,C,50
648e898c-20c7-43b5-a267-31f78401361c,70,29,70,11,44,23,32,27,14,8,37,25,14,14,29,46,23,19,20,29,46,23,20,12,0,0,0,1,-8,SG,46,SG,46
64a8e294-4a5d-4b7e-b3e0-8b9ceb1b1fc5,66,17,38,41,24,42,30,17,19,29,27,50,36,15,37,32,28,24,26,37,32,28,23,14,0,0,0,-1,-12,PG,37,PG,37
64cc4866-29d5-4a2e-bb7c-cf5c2dc34abe,72,9,64,31,17,17,28,37,39,31,4,19,53,45,26,38,33,34,23,26,38,33,35,17,0,0,0,1,-6,SG,38,SG,38
6660e74e-1ce1-4edd-a94f-14a923d295b9,73,40,26,5,32,39,12,13,40,53,20,38,28,61,30,33,37,24,21,30,33,37,24,15,0,0,0,0,-6,SF,37,SF,37
6750a787-678e-4981-b4b3-4a17cdadcfb3,73,22,62,27,17,40,12,7,26,15,15,32,29,97,25,38,26,21,20,25,38,26,22,12,0,0,0,1,-8,SG,38,SG,38
697fa3e6-130d-4a58-92ca-d3632ac1b6ff,71,33,37,3,20,33,37,19,29,41,17,11,19,43,28,30,28,18,18,28,30,28,18,13,0,0,0,0,-5,SG,30,SG,30
698360aa-63da-4297-917f-dba81837e3d3,70,6,56,28,9,33,15,28,5,32,38,24,54,24,25,34,23,20,17,25,34,23,21,10,0,0,0,1,-7,SG,34,SG,34
6a821085-1178-4e46-a982-a54c315f50dc,77,26,3,26,11,3,1,30,22,22,11,27,29,3,12,12,20,31,28,12,12,20,30,36,0,0,0,-1,8,PF,31,C,36
6aa23136-c9ef-432a-8e9b-1c1861d30186,70,18,23,31,79,4,36,31,28,21,20,38,21,77,33,36,30,29,26,33,36,30,26,16,0,0,0,-3,-10,SG,36,SG,36
6c372f67-4475-4e1e-a9f0-0fe29ec39668,75,6,48,25,34,28,26,11,29,21,9,40,32,16,32,35,27,22,15,32,35,27,23,11,0,0,0,1,-4,SG,35,SG,35
6c886343-bd50-4a7e-b14e-092a83fa2637,71,16,5,4,17,11,3,17,6,6,5,5,11,14,7,10,8,9,9,7,10,8,9,6,0,0,0,0,-3,SG,10,SG,10
6cca5426-7515-4f3f-842a-2edc59c35eb2,68,14,11,19,22,29,23,30,16,13,29,18,25,55,21,16,16,22,18,21,16,16,19,12,0,0,0,-3,-6,PF,22,PG,21
6d333b1f-1796-4c75-8668-ce1e54aa9c35,75,35,36,40,24,3,15,35,10,36,2,25,3,43,19,29,26,25,29,19,29,26,26,18,0,0,0,1,-11,SG,29,SG,29
6e0cb571-09f4-4faa-a519-ae515be4bfe6,74,19,39,32,6,27,15,13,27,50,52,23,37,11,24,28,32,23,21,24,28,32,24,14,0,0,0,1,-7,SF,32,SF,32
7495d5d8-b70d-44e6-b3ee-14b723295445,69,20,24,1,20,29,32,11,2,10,43,47,36,66,32,23,14,10,9,32,23,14,10,5,0,0,0,0,-4,PG,32,PG,32
74dd9e84-8571-4c02-a9e0-e40310b64107,77,40,80,28,38,22,22,5,32,27,33,32,39,85,30,53,37,28,31,30,53,37,31,36,0,0,0,3,5,SG,53,SG,53
752b1714-6d85-47d6-abd8-49661139a0e2,69,32,4,25,14,4,20,20,33,59,47,1,30,54,16,16,32,25,28,16,16,32,21,16,0,0,0,-4,-12,SF,32,SF,32
75a5008f-5153-4ccd-ba96-bd58eb8c8232,73,34,16,69,20,2,20,30,56,27,27,11,39,72,16,20,37,43,44,16,20,37,41,28,0,0,0,-2,-16,C,44,PF,41
76a5d9d0-2039-4c5d-9186-420e5694e53b,71,27,64,27,37,22,32,14,26,32,28,6,5,27,25,42,31,18,22,25,42,31,20,14,0,0,0,2,-8,SG,42,SG,42
76f728c9-65fd-4484-8d0a-1bc9307084dc,73,1,30,16,9,21,10,14,11,32,77,38,23,83,22,22,19,16,9,22,22,19,16,6,0,0,0,0,-3,PG,22,PG,22
770002c4-2acc-4049-946c-d6df2e031407,74,54,61,32,22,8,38,2,23,40,25,12,26,13,26,42,35,19,30,26,42,35,21,17,0,0,0,2,-13,SG,42,SG,42
79f3fbf8-5b47-4433-b685-f4a96625823c,71,33,36,4,30,20,36,18,40,42,15,26,36,23,31,33,34,23,20,31,33,34,23,14,0,0,0,0,-6,SF,34,SF,34
7ad7a6e2-572a-4292-aa6a-e86a5f2385d5,73,12,63,9,15,40,7,23,33,40,29,11,25,73,21,38,30,23,15,21,38,30,25,12,0,0,0,2,-3,SG,38,SG,38
7bdbbc75-d889-436f-9874-ad557f1ee31d,76,33,22,74,17,39,24,12,69,5,16,17,26,37,22,21,35,47,47,22,21,35,44,38,0,0,0,-3,-9,PF,47,PF,44
7c3cd26c-4c29-4a9b-a971-362970eb51aa,66,18,62,30,39,31,24,28,5,28,15,23,4,14,28,42,24,18,22,28,42,24,20,12,0,0,0,2,-10,SG,42,SG,42
7c8dbe4b-80e0-4e18-a76d-66bbeffd4ec8,75,33,29,44,43,34,34,31,53,21,10,1,12,23,24,30,34,37,36,24,30,34,35,24,0,0,0,-2,-12,PF,37,PF,35
7d6ef66e-4941-4778-8617-9b67061f05aa,70,47,20,20,6,32,8,33,48,24,17,28,24,7,19,21,30,36,36,19,21,30,31,22,0,0,0,-5,-14,PF,36,PF,31
7ef2a438-ab74-4499-a753-d646ab597a30,68,25,23,39,40,15,15,5,21,40,44,33,19,56,25,29,31,19,26,25,29,31,18,14,0,0,0,-1,-12,SF,31,SF,31
7fc3570d-a99f-45bf-a8d6-a38a36e300b6,73,12,51,55,54,10,12,17,18,47,43,42,58,71,31,45,38,27,25,31,45,38,28,15,0,0,0,1,-10,SG,45,SG,45
7ffd0352-1187-489f-9864-a71ddcb613ef,73,17,9,3,9,11,3,10,13,2,2,9,11,34,7,9,9,12,9,7,9,9,12,6,0,0,0,0,-3,PF,12,PF,12
8135b877-fc28-4f4a-8800-697c1d11a554,74,45,1,35,16,28,11,12,16,41,5,35,36,23,24,18,28,22,28,24,18,28,21,16,0,0,0,-1,-12,SF,28,SF,28
84b1dfbf-2844-49b6-ab96-9e7aa2e36fd8,72,40,48,21,38,1,35,21,64,26,4,38,29,55,30,39,41,36,31,30,39,41,36,22,0,0,0,0,-9,SF,41,SF,41
84e8bf1a-ed78-40f6-86d1-c4913924e34d,72,37,15,25,52,32,30,40,30,58,38,29,23,71,34,33,38,32,29,34,33,38,31,20,0,0,0,-1,-9,SF,38,SF,38
85440b15-3fa5-42eb-ac46-bc3e64793dcd,71,20,49,39,22,35,33,11,10,2,17,15,56,15,27,33,20,17,21,27,33,20,19,12,0,0,0,2,-9,SG,33,SG,33
857d2c0b-3758-4e8d-8ac7-7dfe7025df8a,75,3,19,20,40,1,6,27,72,8,3,13,16,54,12,20,30,37,22,12,20,30,34,18,0,0,0,-3,-4,PF,37,PF,34
85e214a3-0e66-47b9-8a64-93912a7ecd6f,72,46,12,52,6,12,14,24,39,12,7,4,21,9,10,14,26,33,39,10,14,26,31,24,0,0,0,-2,-15,C,39,PF,31
871ae86a-209b-4b6a-bf99-5a0eba78ef0a,69,13,11,9,9,8,8,2,19,19,6,12,14,90,11,12,15,11,11,11,12,15,9,6,0,0,0,-2,-5,SF,15,SF,15
8875f89e-c563-47cb-90d7-c6b4506de77f,67,8,10,1,14,5,13,9,3,6,20,1,12,91,8,10,6,5,5,8,10,6,5,3,0,0,0,0,-2,SG,10,SG,10
893b92ca-2934-4ef6-8295-95873bb23f47,71,73,71,31,11,19,2,17,44,11,40,37,2,70,19,42,34,29,40,19,42,34,30,25,0,0,0,1,-15,SG,42,SG,42
899f0aa9-8ea5-45f7-a663-09369fd55c73,69,13,7,14,2,6,13,14,17,12,5,3,17,6,8,7,12,15,14,8,7,12,13,9,0,0,0,-2,-5,PF,15,PF,13
8a17ca64-e6b1-444e-afc1-5170e3aa9afc,70,13,20,25,20,34,2,79,27,37,13,35,34,21,23,23,27,45,29,23,23,27,39,22,0,0,0,-6,-7,PF,45,PF,39
8a19ef3e-f024-4b06-938b-5df725687ea9,66,23,36,35,34,26,34,34,30,35,18,6,12,73,25,31,30,30,30,25,31,30,27,18,0,0,0,-3,-12,SG,31,SG,31
8a2d46f2-efc8-4064-8b5a-53bc58ddfdb1,71,47,54,27,32,20,35,39,53,33,58,38,78,34,36,44,43,40,36,36,44,43,40,25,0,0,0,0,-11,SG,44,SG,44
8c8aa8b3-6f62-454d-a923-70fb7ff1c803,70,16,14,1,10,6,10,2,14,4,14,20,7,46,11,12,10,8,8,11,12,10,7,5,0,0,0,-1,-3,SG,12,SG,12
8cf605bc-876f-4851-8606-2f2ab9ca5dbf,73,39,31,43,32,13,28,38,54,26,8,37,32,17,29,31,38,42,38,29,31,38,41,26,0,0,0,-1,-12,PF,42,PF,41
8e2bcbd7-8495-4a11-a3f9-f7c9e1c92886,70,22,40,38,36,34,30,14,39,80,10,10,22,86,31,39,45,27,29,31,39,45,24,17,0,0,0,-3,-12,SF,45,SF,45
8eefe41c-ff1f-4987-acaa-37d9296c64b5,75,20,33,17,30,6,4,7,18,36,20,14,28,75,15,29,26,16,15,15,29,26,16,9,0,0,0,0,-6,SG,29,SG,29
8f82f91b-0f09-4dd6-b046-f7269aa54d8b,72,47,34,69,40,22,9,46,47,11,20,29,16,96,21,33,36,45,49,21,33,36,45,31,0,0,0,0,-18,C,49,PF,45
9153fa00-d2a6-42ac-9d6f-cba47c255e76,73,5,2,17,11,17,5,7,20,11,16,16,11,17,11,7,13,15,11,11,7,13,14,7,0,0,0,-1,-4,PF,15,PF,14
9162ca13-3852-4593-8077-f7e3c3a7db23,69,13,14,20,20,15,14,19,16,18,10,11,15,18,14,16,16,17,17,14,16,16,15,10,0,0,0,-2,-7,PF,17,SG,16
91db3a48-1e0d-43b4-af38-3107d2f7c187,74,14,11,14,18,24,21,23,37,17,10,2,15,62,15,14,20,24,17,15,14,20,23,13,0,0,0,-1,-4,PF,24,PF,23
92002e2f-245f-4a28-91b7-7ae1542efa16,69,2,28,11,11,29,21,4,40,29,33,23,19,17,23,21,25,19,11,23,21,25,16,9,0,0,0,-3,-2,SF,25,SF,25
92741185-0832-43e7-aa46-01ae4fb5d985,74,11,18,19,18,10,17,14,17,18,14,20,19,58,17,17,17,17,14,17,17,17,17,9,0,0,0,0,-5,PG,17,PG,17
92aa2d1d-7b8a-414d-9d85-321a8dd9452b,71,16,43,4,15,19,37,1,7,32,9,15,24,35,26,29,19,6,7,26,29,19,8,4,0,0,0,2,-3,SG,29,SG,29
92d37594-7c3f-43f5-b66c-01fcb1b08beb,66,18,59,5,30,19,1,18,2,33,37,26,27,88,20,40,23,11,11,20,40,23,13,6,0,0,0,2,-5,SG,40,SG,40
93d6d23c-7de6-4d3b-9830-88ef1bd3d476,67,16,33,36,14,22,22,33,38,26,31,7,9,68,18,23,27,32,29,18,23,27,28,18,0,0,0,-4,-11,PF,32,PF,28
93e11c71-4ade-4fb9-a8fc-7ba8a759537b,69,29,44,17,30,34,32,16,40,49,19,36,27,92,35,38,37,27,24,35,38,37,24,15,0,0,0,-3,-9,SG,38,SG,38
94bba1ba-69f8-406e-b389-219ec488741a,71,7,3,9,16,16,15,11,18,15,3,16,20,94,15,10,14,12,9,15,10,14,11,7,0,0,0,-1,-2,PG,15,PG,15
97cbdd0d-025e-451b-9544-7acad48aead7,75,76,18,35,39,22,24,27,24,39,23,21,26,66,26,32,35,29,41,26,32,35,29,24,0,0,0,0,-17,C,41,SF,35
988831e2-7bf0-43cd-aea7-54f8b1be2d1a,66,17,7,15,17,37,32,32,5,13,9,19,2,21,23,13,11,17,17,23,13,11,15,10,0,0,0,-2,-7,PG,23,PG,23
9c248f13-bdff-40ce-a868-dd365a56507d,73,1,13,37,24,11,18,7,20,6,15,25,20,18,18,15,16,18,15,18,15,16,18,10,0,0,0,0,-5,PG,18,PG,18
9cd0aea9-a242-4159-8910-db424dc81e41,67,16,56,12,47,52,17,12,36,26,19,32,17,50,32,43,31,22,17,32,43,31,20,11,0,0,0,-2,-6,SG,43,SG,43
9cfc0d36-ecbd-44c1-bdb5-edef0f55ef96,69,22,18,1,33,21,8,23,39,9,18,26,6,80,17,21,21,25,17,17,21,21,20,13,0,0,0,-5,-4,PF,25,SG,21
9d38a01e-9a3d-4895-9d75-f4549a96d277,69,9,52,35,6,25,2,25,26,28,23,40,34,78,22,31,27,27,23,22,31,27,26,14,0,0,0,-1,-9,SG,31,SG,31
9d60b405-91f1-4482-8be7-fc5ecf9dc027,74,7,11,18,18,15,3,14,12,19,6,6,20,46,10,14,14,15,11,10,14,14,15,8,0,0,0,0,-3,PF,15,PF,15
a095b610-df85-4a8d-8558-909744e21714,74,30,59,15,35,29,19,28,49,35,1,5,26,94,23,42,36,31,25,23,42,36,31,18,0,0,0,0,-7,SG,42,SG,42
a13e5706-efb3-47bd-b9fb-92280b7204a3,73,10,39,5,40,26,5,5,2,1,5,6,9,33,13,29,11,7,6,13,29,11,8,3,0,0,0,1,-3,SG,29,SG,29
a1bcfb1e-6683-4ce0-926d-0f29d44ec439,75,72,16,1,20,31,10,13,12,32,20,5,17,51,16,24,23,15,26,16,24,23,15,15,0,0,0,0,-11,C,26,SG,24
a21c5463-cdab-43b5-bd9a-7865b9f86939,74,34,67,35,51,15,9,28,24,13,32,15,4,15,19,46,29,26,28,19,46,29,28,18,0,0,0,2,-10,SG,46,SG,46
a25fe154-d6c9-4be1-b95b-9d72e40dba92,69,13,10,4,3,6,11,12,14,19,13,4,13,56,9,9,12,11,10,9,9,12,10,6,0,0,0,-1,-4,SF,12,SF,12
a26cdb55-d9cd-4ac7-b8af-299ce683d5a4,71,35,13,65,76,35,28,5,27,55,40,5,17,13,30,36,40,22,35,30,36,40,22,20,0,0,0,0,-15,SF,40,SF,40
a4a12bf0-23e0-4dca-96ce-d1bf01f8a1c0,76,38,40,36,38,30,21,32,72,26,35,14,11,69,23,35,41,47,40,23,35,41,46,37,0,0,0,-1,-3,PF,47,PF,46
a4dfd2aa-75ef-42d7-9ff6-36fb41b24864,73,39,72,56,26,2,17,22,26,8,30,19,35,48,19,43,31,30,36,19,43,31,32,21,0,0,0,2,-15,SG,43,SG,43
a54dabfe-b5a6-4b4f-87aa-e4006f84021d,71,74,17,39,35,29,17,13,40,65,21,37,15,100,30,34,45,28,42,30,34,45,27,25,0,0,0,-1,-17,SF,45,SF,45
a6b267f7-4154-4ce3-9818-0ff4fd8b4cf3,74,25,75,7,26,30,16,5,28,21,39,2,25,38,20,44,27,16,15,20,44,27,18,10,0,0,0,2,-5,SG,44,SG,44
a929ff8d-4b07-4d93-a3bc-90674c0f153c,70,7,34,26,30,32,7,12,4,3,39,2,14,64,13,25,12,11,14,13,25,12,11,7,0,0,0,0,-7,SG,25,SG,25
a92f91b6-13b8-4685-9292-29f52563b245,72,20,15,19,33,29,22,6,24,24,72,15,8,60,22,21,22,16,16,22,21,22,16,10,0,0,0,0,-6,PG,22,PG,22
aa410806-b16a-4d6f-933c-ead0f5b6871e,75,20,39,21,37,6,31,22,5,27,17,5,21,24,21,31,21,16,16,21,31,21,18,10,0,0,0,2,-6,SG,31,SG,31
aacc3f24-71c4-4c75-bc4c-194b5d6e5360,74,14,55,32,13,33,21,12,64,30,21,27,27,93,26,34,38,34,25,26,34,38,33,18,0,0,0,-1,-7,SF,38,SF,38
ac9ebdf7-1952-4985-8c23-b762f4431616,68,20,19,25,27,34,30,5,27,13,15,39,3,31,29,21,21,18,21,29,21,21,16,12,0,0,0,-2,-9,PG,29,PG,29
acfba7bf-e981-4974-8848-5d026f2ccbe3,67,14,30,2,38,40,38,7,24,59,29,17,40,7,35,34,32,15,10,35,34,32,13,7,0,0,0,-2,-3,PG,35,PG,35
ad26aabb-ffdd-4ce1-82dc-361df8cc8bf4,80,39,31,30,18,34,20,37,58,26,35,17,17,2,22,27,34,44,45,22,27,34,43,65,0,0,0,-1,20,C,45,C,65
ae073bcb-3c34-4ae9-85fa-5e38200e2f42,73,60,15,16,21,32,31,15,27,65,22,36,40,83,34,29,38,24,29,34,29,38,24,18,0,0,0,0,-11,SF,38,SF,38
b0c86ced-781a-4fef-bcf8-ce86ac684f3c,66,13,40,23,23,30,40,25,25,75,6,28,16,44,36,34,37,24,20,36,34,37,22,13,0,0,0,-2,-7,SF,37,SF,37
b15e9c89-f90f-48de-adfa-f718e9738489,71,38,9,28,36,18,26,37,21,35,40,6,15,1,20,22,26,25,28,20,22,26,24,19,0,0,0,-1,-9,C,28,SF,26
b2c5513e-121c-49bd-a90f-cc879e3cffd2,70,15,29,36,23,28,28,28,18,38,12,10,4,46,23,25,25,23,25,23,25,25,21,15,0,0,0,-2,-10,SG,25,SG,25
b51aebd1-d008-433a-9d6d-d18078d190d6,71,32,6,35,29,22,33,35,11,1,21,24,14,75,23,16,15,23,27,23,16,15,22,17,0,0,0,-1,-10,C,27,PG,23
b5fc74dd-0f91-4a07-8a74-3c7d8df3ef56,70,31,38,8,38,1,7,28,14,24,8,1,16,10,11,31,22,18,20,11,31,22,17,12,0,0,0,-1,-8,SG,31,SG,31
b69a80c7-e3db-488c-a5ea-5702a042a0be,69,1,14,13,8,5,3,3,15,6,20,13,8,78,7,10,10,9,8,7,10,10,8,5,0,0,0,-1,-3,SG,10,SG,10
b7510ae4-6448-4b82-b435-b7af04cd0bbe,70,22,27,49,47,25,5,37,15,36,37,6,18,38,17,31,28,28,33,17,31,28,26,18,0,0,0,-2,-15,C,33,SG,31
b7ec5d4d-26ee-4411-b155-3659e5fe6c13,68,1,6,16,12,6,2,12,20,3,8,7,3,83,5,7,10,14,11,5,7,10,12,7,0,0,0,-2,-4,PF,14,PF,12
b874fa01-1ad3-4857-82df-d7f684f700d1,67,14,53,16,39,24,22,24,29,21,28,37,35,30,30,39,28,25,18,30,39,28,24,12,0,0,0,-1,-6,SG,39,SG,39
b8af6b0a-9a53-452f-92af-5cbc1c60b8de,73,76,15,22,5,36,37,38,11,43,27,27,20,29,30,23,28,27,37,30,23,28,27,22,0,0,0,0,-15,C,37,PG,30
b901f24b-711c-4267-bb08-f2a75953f811,70,5,13,2,13,15,18,1,8,5,16,4,10,56,12,11,7,4,4,12,11,7,4,2,0,0,0,0,-2,PG,12,PG,12
ba1f3d97-a738-4a97-b342-3eed2047691c,73,27,36,11,64,26,25,13,18,51,24,10,17,36,28,41,32,16,16,28,41,32,17,10,0,0,0,1,-6,SG,41,SG,41
bb9f4019-e43f-410d-b5f9-84b434f1c151,75,17,80,35,58,40,18,23,5,40,28,15,40,45,31,57,33,20,20,31,57,33,24,12,0,0,0,4,-8,SG,57,SG,57
bda5b4ef-5851-4914-85fc-309dabd21d8c,73,29,44,40,13,11,34,17,57,36,35,19,32,28,25,30,38,35,32,25,30,38,34,21,0,0,0,-1,-11,SF,38,SF,38
be4927b3-02bb-499e-8656-1faf2ce0fd8a,68,21,15,10,14,11,21,27,56,22,39,35,55,66,24,19,30,36,23,24,19,30,30,17,0,0,0,-6,-6,PF,36,SF,30
c122b54c-aac2-464a-a040-5c5093271f83,68,35,1,9,34,67,55,7,2,30,28,48,28,48,46,23,20,10,17,46,23,20,10,8,0,0,0,0,-9,PG,46,PG,46
c1667741-ed1f-483f-bc22-e6f4c9848114,68,18,6,11,5,13,14,11,17,18,9,7,7,22,11,9,13,13,14,11,9,13,11,9,0,0,0,-2,-5,C,14,SF,13
c198cb50-66a6-412d-a077-33e1541286eb,73,29,37,7,4,12,34,1,28,3,18,27,9,89,22,21,17,16,15,22,21,17,16,10,0,0,0,0,-5,PG,22,PG,22
c24d4453-003b-4cef-a0e6-df027d941ae1,74,2,19,11,13,24,25,34,7,21,27,23,9,9,22,16,13,18,10,22,16,13,19,8,0,0,0,1,-2,PG,22,PG,22
c2b0df6e-12d8-45bb-8b31-79c905025940,73,9,10,5,38,10,14,31,24,22,19,11,10,57,15,18,19,21,12,15,18,19,21,10,0,0,0,0,-2,PF,21,PF,21
c5e7ff23-58f0-4e62-bf0b-e4910bdb1452,71,19,1,10,16,73,80,3,28,38,31,21,14,60,46,16,23,14,13,46,16,23,12,9,0,0,0,-2,-4,PG,46,PG,46
c761d744-0890-4e18-a90c-cc17739c882f,69,49,55,25,52,11,49,35,37,30,58,25,60,25,37,48,39,36,37,37,48,39,33,22,0,0,0,-3,-15,SG,48,SG,48
c89217c7-e51a-4610-be88-545d0ebf140e,70,21,12,12,26,49,50,17,26,18,11,43,10,18,39,20,21,21,18,39,20,21,18,11,0,0,0,-3,-7,PG,39,PG,39
ca3b39b2-d044-4f92-b69e-719896d6690f,72,5,28,22,33,31,32,33,24,62,28,38,16,34,35,30,33,26,17,35,30,33,26,13,0,0,0,0,-4,PG,35,PG,35
cacb6166-bbfd-42d0-a78f-daae81b67dd5,73,9,68,15,26,40,3,16,56,13,10,37,22,14,25,41,32,30,18,25,41,32,30,14,0,0,0,0,-4,SG,41,SG,41
cb064738-e8cd-45d0-be7d-eb87678b5fdd,70,13,11,27,6,23,8,28,73,48,41,33,7,85,20,15,38,42,29,20,15,38,34,21,0,0,0,-8,-8,PF,42,SF,38
cc0a286f-2eac-4e67-968a-243987e8af50,71,18,25,29,15,37,22,15,20,25,3,21,12,75,23,22,22,17,19,23,22,22,18,12,0,0,0,1,-7,PG,23,PG,23
cc28c4ca-6558-42d3-a47f-2af732a51389,69,8,3,3,2,17,17,16,16,19,11,17,6,91,14,6,12,13,9,14,6,12,11,6,0,0,0,-2,-3,PG,14,PG,14
cca4fe08-6c3b-47d8-be23-69a74b0b8085,75,51,15,59,26,11,18,52,77,13,28,23,12,9,18,21,39,54,52,18,21,39,51,36,0,0,0,-3,-16,PF,54,PF,51
cdf6fb95-5f0d-4cc9-b2b8-94a948546041,74,4,4,19,19,1,13,3,7,16,12,19,2,61,13,9,11,10,8,13,9,11,9,5,0,0,0,-1,-3,PG,13,PG,13
cec84404-4a2a-410f-bf28-23b23e00783c,70,36,10,11,39,61,60,10,11,9,6,49,17,46,46,25,18,14,20,46,25,18,13,10,0,0,0,-1,-10,PG,46,PG,46
cf98aed9-921e-4c0a-b43e-4be9540bf29c,69,53,53,46,55,46,30,35,34,20,52,54,23,71,41,48,38,38,45,41,48,38,35,25,0,0,0,-3,-20,SG,48,SG,48
d2710c10-dac0-486e-9561-bbafa9fe38f8,66,80,31,30,25,33,19,10,43,19,7,17,2,51,21,31,33,28,46,21,31,33,25,24,0,0,0,-3,-22,C,46,SF,33
d274c4d0-cc27-46ae-af61-f8ecc09e9633,67,8,31,26,4,32,6,37,15,6,22,25,40,46,17,20,15,26,20,17,20,15,24,13,0,0,0,-2,-7,PF,26,PF,24
d36e4870-b7e4-4415-8f7f-e4d98da987e5,74,17,38,73,39,24,16,45,69,19,20,8,11,28,19,31,40,49,44,19,31,40,48,31,0,0,0,-1,-13,PF,49,PF,48
d4495c7b-6ef4-471e-a3b9-fa5369e3b631,76,20,53,7,14,29,26,7,71,2,26,31,1,89,24,30,29,35,22,24,30,29,34,26,0,0,0,-1,4,PF,35,PF,34
d905a03c-2876-4e1c-b808-c71091c9a6e2,71,18,4,54,29,20,7,15,37,33,18,16,27,17,17,17,30,27,29,17,17,30,25,19,0,0,0,-2,-10,SF,30,SF,30
d9331861-249e-4895-8325-9a7063612419,73,19,13,7,15,9,11,16,4,19,7,3,2,1,10,13,11,11,11,10,13,11,11,7,0,0,0,0,-4,SG,13,SG,13
d9514839-7a6e-43bd-8733-058b788a14a0,77,1,51,3,11,17,36,3,34,1,6,34,12,68,26,27,18,21,12,26,27,18,22,26,0,0,0,1,14,SG,27,SG,27
d95d68f6-deee-401a-ad6a-8440d31afd7b,70,32,3,19,11,18,25,18,17,8,1,8,7,20,15,10,14,17,23,15,10,14,15,13,0,0,0,-2,-10,C,23,PG,15
da48932b-99a2-44ec-98a0-480b6a48034c,69,61,20,1,22,35,4,34,3,18,18,8,28,25,15,25,17,18,27,15,25,17,17,15,0,0,0,-1,-12,C,27,SG,25
da7c73ef-cbe6-48d4-bfd6-5b1918a9cc8a,66,2,36,15,31,12,35,1,9,15,5,2,9,74,20,25,15,6,7,20,25,15,7,4,0,0,0,1,-3,SG,25,SG,25
dc2da368-74de-4e4c-88f3-1c0406781059,69,8,38,9,38,33,8,18,32,49,70,4,24,43,20,33,31,21,13,20,33,31,18,10,0,0,0,-3,-3,SG,33,SG,33
dc8586d0-4d4a-49d1-8540-f7e87a02b1fc,71,5,10,1,16,1,16,3,14,19,3,16,18,65,14,12,13,7,4,14,12,13,7,3,0,0,0,0,-1,PG,14,PG,14
dd5511cc-f077-4d76-8b98-3d3255e2976f,75,35,28,25,29,37,32,38,53,30,57,27,17,48,30,29,35,38,32,30,29,35,36,23,0,0,0,-2,-9,PF,38,PF,36
de92d1e9-fbd3-4bd2-bfe8-1f43c81205e7,73,8,57,39,31,7,14,39,11,21,11,22,6,96,19,35,23,25,22,19,35,23,27,15,0,0,0,2,-7,SG,35,SG,35
df387170-d227-43af-adbb-7c052cd8c031,66,22,7,17,30,39,13,5,37,31,25,34,37,29,27,21,28,22,20,27,21,28,18,12,0,0,0,-4,-8,SF,28,SF,28
df9203c3-d04a-4f7d-9319-0ea189495254,69,26,1,15,13,25,13,20,20,72,24,15,2,77,20,16,29,18,20,20,16,29,15,12,0,0,0,-3,-8,SF,29,SF,29
e0285eed-31f2-41c6-b21a-0d1c931c52b2,69,8,36,53,27,12,31,4,6,14,25,8,29,88,20,26,19,14,23,20,26,19,15,11,0,0,0,1,-12,SG,26,SG,26
e1acdc9c-f2bb-4746-90d5-9c8fb879bdf7,70,35,25,36,1,13,34,29,2,57,2,39,16,27,30,23,27,21,30,30,23,27,20,15,0,0,0,-1,-15,PG,30,PG,30
e2e560e0-27d1-4e03-9e87-49c9968cdf56,70,33,33,2,24,29,7,28,18,10,8,24,17,43,18,27,18,20,19,18,27,18,19,12,0,0,0,-1,-7,SG,27,SG,27
e2f31af1-d62d-4a63-aee9-7cb4d5f685cd,68,10,35,3,21,40,36,14,20,12,28,35,11,92,31,26,17,15,10,31,26,17,14,7,0,0,0,-1,-3,PG,31,PG,31
e3415bd5-c971-4912-ae54-d6bffc9b30d1,74,34,27,34,31,13,11,16,53,13,22,20,31,74,18,26,32,33,31,18,26,32,31,21,0,0,0,-2,-10,PF,33,SF,32
e45d4df2-87c3-4493-9747-72cd40db4fe6,68,25,30,15,16,32,1,19,31,18,51,77,23,15,30,27,26,26,22,30,27,26,23,13,0,0,0,-3,-9,PG,30,PG,30
e6deda35-decf-4dd8-b9ac-20d2e89479ed,79,28,24,79,10,30,26,40,63,21,19,32,36,68,26,22,38,55,58,26,22,38,53,72,0,0,0,-2,14,C,58,C,72
e7f4822d-a1fe-481b-bc35-31bc6b864aae,69,12,3,15,11,7,8,9,17,5,13,4,16,1,7,7,11,13,13,7,7,11,11,8,0,0,0,-2,-5,PF,13,SF,11
e7fcf8cc-aafa-41d0-ba1d-bed26a1bbd38,66,36,39,27,23,12,26,3,19,10,34,40,27,73,26,30,23,17,25,26,30,23,17,13,0,0,0,0,-12,SG,30,SG,30
e9b16074-fa77-4a62-8635-b6870bd62dbe,67,7,54,25,18,29,26,12,29,31,34,38,3,25,29,33,27,20,17,29,33,27,20,11,0,0,0,0,-6,SG,33,SG,33
eb0f8af4-ea7f-44eb-9ef6-bc5072ab6bd7,77,11,48,40,34,13,24,34,63,1,25,38,28,44,26,33,33,46,35,26,33,33,46,42,0,0,0,0,7,PF,46,PF,46
eb2248b7-1718-453d-b3ae-22f38fd92c37,73,31,30,24,25,6,38,4,4,9,34,32,37,32,27,26,18,13,18,27,26,18,15,9,0,0,0,2,-9,PG,27,PG,27
ec35a93b-7399-45f7-8d19-c4c12dc63a3f,71,17,7,10,10,10,18,12,15,6,20,3,4,66,10,8,10,11,12,10,8,10,10,8,0,0,0,-1,-4,C,12,PG,10
ec5d3866-0a89-47c7-8644-59fd5b95c06d,72,34,32,42,64,8,29,22,24,10,20,27,9,36,26,35,28,26,30,26,35,28,26,18,0,0,0,0,-12,SG,35,SG,35
ec983767-d373-4a50-9771-7c53cd0a84b1,75,12,17,17,10,35,17,22,18,12,27,37,12,10,23,16,16,20,15,23,16,16,20,10,0,0,0,0,-5,PG,23,PG,23
ed1862f0-3f87-4003-98d4-76ee2336328d,70,4,8,18,50,57,27,12,29,36,37,25,30,7,33,25,27,20,14,33,25,27,17,9,0,0,0,-3,-5,PG,33,PG,33
ee2a8c20-55a1-45f4-9b45-d2bb1fe8056a,74,33,62,37,24,32,34,14,69,24,18,32,50,12,33,42,43,39,33,33,42,43,38,23,0,0,0,-1,-10,SF,43,SF,43
ee4b457c-cfca-439c-ab71-dac87ab3f2ac,69,14,32,36,30,24,31,28,1,34,27,16,25,80,26,28,22,18,22,26,28,22,18,12,0,0,0,0,-10,SG,28,SG,28
ee55b322-6dde-4147-95e6-51271777045f,68,80,63,2,36,7,24,30,58,26,7,19,9,53,23,47,41,36,42,23,47,41,32,26,0,0,0,-4,-16,SG,47,SG,47
efb674b6-b345-416c-bc96-fa65332be955,70,60,58,12,49,30,15,60,51,93,21,39,44,53,38,56,58,48,42,38,56,58,43,27,0,0,0,-5,-15,SF,58,SF,58
efbe8119-24fa-4ca0-80fd-f4f6b08c2909,70,13,58,32,16,28,29,24,13,54,31,5,17,26,25,36,30,20,21,25,36,30,20,12,0,0,0,0,-9,SG,36,SG,36
efc553e4-71de-40f5-8cb3-6668b21642a3,73,16,46,41,46,15,12,13,27,11,12,27,29,69,22,36,27,24,23,22,36,27,25,15,0,0,0,1,-8,SG,36,SG,36
eff18c2a-5776-489a-b810-6c348ecb2935,70,19,72,26,23,50,10,13,12,51,39,28,74,97,32,49,35,19,20,32,49,35,20,10,0,0,0,1,-10,SG,49,SG,49
f2611c50-b447-4a07-890a-7110934095eb,74,14,25,34,18,28,22,52,35,56,32,57,21,39,35,27,36,38,27,35,27,36,38,20,0,0,0,0,-7,PF,38,PF,38
f28e3888-55f9-44ec-a5f8-9b344fe1ac5b,71,7,42,7,13,8,38,6,33,20,28,16,6,63,22,24,21,14,10,22,24,21,15,8,0,0,0,1,-2,SG,24,SG,24
f33c021f-e443-412c-8ed1-ec461736e2df,73,18,10,28,43,23,25,27,24,47,36,14,13,19,25,24,29,24,21,25,24,29,24,15,0,0,0,0,-6,SF,29,SF,29
f4c3186c-688d-4bb1-b442-8cffbbc709da,70,38,37,40,30,52,68,22,26,36,35,56,31,42,52,37,34,29,34,52,37,34,27,19,0,0,0,-2,-15,PG,52,PG,52
f80ea02c-6c83-46d4-8f60-f3017f96c651,73,16,74,15,23,4,2,29,13,33,26,10,31,11,15,42,26,20,16,15,42,26,23,11,0,0,0,3,-5,SG,42,SG,42
f81c1cf6-079b-4588-baed-52c5bf2db4a0,66,27,18,18,31,20,18,32,32,14,24,39,31,44,25,24,24,30,25,25,24,24,26,16,0,0,0,-4,-9,PF,30,PF,26
f94329af-3514-4f19-b985-f052739dd774,66,9,30,32,33,14,18,17,10,40,19,8,21,44,19,27,24,16,18,19,27,24,16,10,0,0,0,0,-8,SG,27,SG,27
f94b9643-72a7-4eb3-9624-e1379b2639bb,71,33,30,9,34,24,38,4,8,23,73,75,16,82,42,32,23,11,14,42,32,23,12,8,0,0,0,1,-6,PG,42,PG,42
fa182411-b8d3-4603-aee0-fcff5d3a9de3,72,29,27,40,23,17,39,26,25,22,36,33,20,15,29,25,26,28,28,29,25,26,28,18,0,0,0,0,-10,PG,29,PG,29
fb916d84-f8f6-4e79-b5cf-a0bae732bbc6,66,15,13,10,6,10,8,11,7,11,2,2,1,77,7,10,9,9,11,7,10,9,8,6,0,0,0,-1,-5,C,11,SG,10
fc39dadb-0319-4ece-bb10-a16c041a05d3,73,36,17,54,48,35,30,1,31,35,11,17,32,83,29,30,34,24,32,29,30,34,24,18,0,0,0,0,-14,SF,34,SF,34
fcd9217e-265b-4ecb-bcbd-fc26f9c608c7,70,79,34,13,64,33,40,35,16,14,26,30,8,83,34,42,28,26,40,34,42,28,24,21,0,0,0,-2,-19,SG,42,SG,42
fd15a883-77ee-493d-9b56-0bed8604b6c9,71,60,42,50,52,33,31,51,21,17,34,12,27,92,28,41,32,34,44,28,41,32,35,27,0,0,0,1,-17,C,44,SG,41
fd537d55-9557-4afc-8942-fa6f74e62f40,71,21,37,6,40,33,12,15,6,28,11,30,24,82,26,34,22,11,11,26,34,22,13,7,0,0,0,2,-4,SG,34,SG,34
fddbf37c-e9e7-410a-9952-e898c7f8be18,74,12,27,68,38,23,19,34,63,38,32,55,24,20,33,30,44,46,39,33,30,44,45,27,0,0,0,-1,-12,PF,46,PF,45
fe078884-cf51-408d-aec8-0360208a87e7,74,16,26,5,53,3,28,29,12,13,39,33,13,50,26,29,19,19,12,26,29,19,19,9,0,0,0,0,-3,SG,29,SG,29
fe1ecf1b-d240-44da-a82e-54fd0b306b1f,73,20,20,31,28,2,29,28,38,62,23,28,24,99,27,26,38,31,25,27,26,38,30,18,0,0,0,-1,-7,SF,38,SF,38
fe88830e-72da-44da-986a-8bad9d80ff86,68,69,80,7,26,12,1,6,49,37,4,36,14,55,22,52,42,26,35,22,52,42,25,20,0,0,0,-1,-15,SG,52,SG,52
ff3a642d-0e3d-44ac-9fdd-79d19076defc,71,16,20,38,50,65,32,38,37,11,21,51,27,18,41,30,28,33,27,41,30,28,32,19,0,0,0,-1,-8,PG,41,PG,41
